Time,Header.seq,Header.stamp.secs,Header.stamp.nsecs,Header.frame_id,Latitude,Longitude,Altitude,UTM_easting,UTM_northing,Zone,Letter,Fix_quality
1664832480.064263,0,77280,927360,GPS1_Frame,42.33842033333334,-71.08558316666667,15.7,328191.58098939655,4689458.267953636,19,T,4
1664832481.096212,0,77281,927372,GPS1_Frame,42.33842033333334,-71.08558316666667,15.7,328191.58098939655,4689458.267953636,19,T,4
1664832482.0839274,0,77282,927384,GPS1_Frame,42.33842033333334,-71.085583,15.7,328191.5947198173,4689458.267616873,19,T,4
1664832483.0802727,0,77283,927396,GPS1_Frame,42.33842033333334,-71.085583,15.7,328191.5947198173,4689458.267616873,19,T,4
1664832484.0896645,0,77284,927408,GPS1_Frame,42.33842033333334,-71.08558316666667,15.7,328191.58098939655,4689458.267953636,19,T,4
1664832485.0817409,0,77285,927420,GPS1_Frame,42.33842033333334,-71.08558316666667,15.7,328191.58098939655,4689458.267953636,19,T,4
1664832486.0806315,0,77286,927432,GPS1_Frame,42.33842033333334,-71.085583,15.7,328191.5947198173,4689458.267616873,19,T,4
1664832487.0977218,0,77287,927444,GPS1_Frame,42.33842033333334,-71.08558316666667,15.7,328191.58098939655,4689458.267953636,19,T,4
1664832488.0899103,0,77288,927456,GPS1_Frame,42.33842033333334,-71.08558316666667,15.7,328191.58098939655,4689458.267953636,19,T,4
1664832489.086342,0,77289,927468,GPS1_Frame,42.33842033333334,-71.08558316666667,15.7,328191.58098939655,4689458.267953636,19,T,4
1664832490.1010878,0,77290,927480,GPS1_Frame,42.33842033333334,-71.08558316666667,15.7,328191.58098939655,4689458.267953636,19,T,4
1664832491.0949922,0,77291,927492,GPS1_Frame,42.33842033333334,-71.08558316666667,15.7,328191.58098939655,4689458.267953636,19,T,4
1664832492.088585,0,77292,927504,GPS1_Frame,42.33842033333334,-71.08558316666667,15.7,328191.58098939655,4689458.267953636,19,T,4
1664832493.0861702,0,77293,927516,GPS1_Frame,42.33842033333334,-71.085583,15.7,328191.5947198173,4689458.267616873,19,T,4
1664832494.0805695,0,77294,927528,GPS1_Frame,42.33842033333334,-71.085583,15.7,328191.5947198173,4689458.267616873,19,T,4
1664832495.100533,0,77295,927540,GPS1_Frame,42.33842033333334,-71.085583,15.7,328191.5947198173,4689458.267616873,19,T,4
1664832496.0976973,0,77296,927552,GPS1_Frame,42.33842033333334,-71.085583,15.7,328191.5947198173,4689458.267616873,19,T,4
1664832497.0918841,0,77297,927564,GPS1_Frame,42.33842033333334,-71.08558316666667,15.7,328191.58098939655,4689458.267953636,19,T,4
1664832498.0884802,0,77298,927576,GPS1_Frame,42.33842033333334,-71.08558316666667,15.7,328191.58098939655,4689458.267953636,19,T,4
1664832499.0821593,0,77299,927588,GPS1_Frame,42.33842033333334,-71.085583,15.7,328191.5947198173,4689458.267616873,19,T,4
1664832500.0968306,0,77300,927600,GPS1_Frame,42.33842033333334,-71.085583,15.7,328191.5947198173,4689458.267616873,19,T,4
1664832501.0903509,0,77301,927612,GPS1_Frame,42.33842033333334,-71.085583,15.7,328191.5947198173,4689458.267616873,19,T,4
1664832502.0818472,0,77302,927624,GPS1_Frame,42.33842033333334,-71.08558316666667,15.7,328191.58098939655,4689458.267953636,19,T,4
1664832503.0915046,0,77303,927636,GPS1_Frame,42.33842033333334,-71.085583,15.7,328191.5947198173,4689458.267616873,19,T,4
1664832504.0775158,0,77304,927648,GPS1_Frame,42.33842033333334,-71.085583,15.7,328191.5947198173,4689458.267616873,19,T,4
1664832505.0915303,0,77305,927660,GPS1_Frame,42.33842033333334,-71.085583,15.7,328191.5947198173,4689458.267616873,19,T,4
1664832506.0760722,0,77306,927672,GPS1_Frame,42.33842033333334,-71.085583,15.7,328191.5947198173,4689458.267616873,19,T,4
1664832507.0827386,0,77307,927684,GPS1_Frame,42.33842033333334,-71.085583,15.7,328191.5947198173,4689458.267616873,19,T,4
1664832508.0895908,0,77308,927696,GPS1_Frame,42.33842033333334,-71.08558316666667,15.7,328191.58098939655,4689458.267953636,19,T,4
1664832509.075026,0,77309,927708,GPS1_Frame,42.33842033333334,-71.085583,15.7,328191.5947198173,4689458.267616873,19,T,4
1664832510.070437,0,77310,927720,GPS1_Frame,42.33842033333334,-71.08558316666667,15.7,328191.58098939655,4689458.267953636,19,T,4
1664832511.0653298,0,77311,927732,GPS1_Frame,42.33842033333334,-71.08558316666667,15.7,328191.58098939655,4689458.267953636,19,T,4
1664832512.0972943,0,77312,927744,GPS1_Frame,42.33842033333334,-71.08558316666667,15.7,328191.58098939655,4689458.267953636,19,T,4
1664832513.0922053,0,77313,927756,GPS1_Frame,42.33842033333334,-71.08558316666667,15.7,328191.58098939655,4689458.267953636,19,T,4
1664832514.088072,0,77314,927768,GPS1_Frame,42.33842033333334,-71.085583,15.7,328191.5947198173,4689458.267616873,19,T,4
1664832515.084713,0,77315,927780,GPS1_Frame,42.33842033333334,-71.08558316666667,15.7,328191.58098939655,4689458.267953636,19,T,4
1664832516.0818436,0,77316,927792,GPS1_Frame,42.33842033333334,-71.085583,15.7,328191.5947198173,4689458.267616873,19,T,4
1664832517.1029534,0,77317,927804,GPS1_Frame,42.3384205,-71.085583,15.7,328191.5951737363,4689458.286123935,19,T,4
1664832518.089369,0,77318,927816,GPS1_Frame,42.33842033333334,-71.08558316666667,15.7,328191.58098939655,4689458.267953636,19,T,4
1664832519.0819962,0,77319,927828,GPS1_Frame,42.33842033333334,-71.08558316666667,15.7,328191.58098939655,4689458.267953636,19,T,4
1664832520.0973108,0,77320,927840,GPS1_Frame,42.33842033333334,-71.08558316666667,15.7,328191.58098939655,4689458.267953636,19,T,4
1664832521.0911236,0,77321,927852,GPS1_Frame,42.33842033333334,-71.08558316666667,15.7,328191.58098939655,4689458.267953636,19,T,4
1664832522.0870464,0,77322,927864,GPS1_Frame,42.33842033333334,-71.08558316666667,15.7,328191.58098939655,4689458.267953636,19,T,4
1664832523.0902255,0,77323,927876,GPS1_Frame,42.33842033333334,-71.08558316666667,15.7,328191.58098939655,4689458.267953636,19,T,4
1664832524.069976,0,77324,927888,GPS1_Frame,42.33842033333334,-71.08558316666667,15.7,328191.58098939655,4689458.267953636,19,T,4
1664832525.1004012,0,77325,927900,GPS1_Frame,42.33842033333334,-71.08558316666667,15.7,328191.58098939655,4689458.267953636,19,T,4
1664832526.091647,0,77326,927912,GPS1_Frame,42.33842033333334,-71.08558316666667,15.7,328191.58098939655,4689458.267953636,19,T,4
1664832527.0810802,0,77327,927924,GPS1_Frame,42.33842033333334,-71.08558316666667,15.7,328191.58098939655,4689458.267953636,19,T,4
1664832528.0854006,0,77328,927936,GPS1_Frame,42.33842033333334,-71.08558316666667,15.7,328191.58098939655,4689458.267953636,19,T,4
1664832529.0692973,0,77329,927948,GPS1_Frame,42.33842033333334,-71.085583,15.7,328191.5947198173,4689458.267616873,19,T,4
1664832530.0774374,0,77330,927960,GPS1_Frame,42.33842033333334,-71.08558316666667,15.7,328191.58098939655,4689458.267953636,19,T,4
1664832531.0796378,0,77331,927972,GPS1_Frame,42.33842033333334,-71.08558316666667,15.7,328191.58098939655,4689458.267953636,19,T,4
1664832532.0772014,0,77332,927984,GPS1_Frame,42.33842033333334,-71.08558316666667,15.7,328191.58098939655,4689458.267953636,19,T,4
1664832533.0776792,0,77333,927996,GPS1_Frame,42.33842033333334,-71.08558316666667,15.7,328191.58098939655,4689458.267953636,19,T,4
1664832534.0928802,0,77334,928008,GPS1_Frame,42.33842033333334,-71.085583,15.7,328191.5947198173,4689458.267616873,19,T,4
1664832535.10302,0,77335,928020,GPS1_Frame,42.33842033333334,-71.08558316666667,15.7,328191.58098939655,4689458.267953636,19,T,4
1664832536.0805304,0,77336,928032,GPS1_Frame,42.33842033333334,-71.08558316666667,15.7,328191.58098939655,4689458.267953636,19,T,4
1664832537.0977373,0,77337,928044,GPS1_Frame,42.33842033333334,-71.08558316666667,15.7,328191.58098939655,4689458.267953636,19,T,4
1664832538.0957234,0,77338,928056,GPS1_Frame,42.33842033333334,-71.08558316666667,15.7,328191.58098939655,4689458.267953636,19,T,4
1664832539.0858765,0,77339,928068,GPS1_Frame,42.33842033333334,-71.08558316666667,15.7,328191.58098939655,4689458.267953636,19,T,4
1664832540.0999012,0,77340,928080,GPS1_Frame,42.33842033333334,-71.08558316666667,15.7,328191.58098939655,4689458.267953636,19,T,4
1664832541.1076872,0,77341,928092,GPS1_Frame,42.33842033333334,-71.08558316666667,15.7,328191.58098939655,4689458.267953636,19,T,4
1664832542.0931928,0,77342,928104,GPS1_Frame,42.33842033333334,-71.08558316666667,15.7,328191.58098939655,4689458.267953636,19,T,4
1664832543.088727,0,77343,928116,GPS1_Frame,42.33842033333334,-71.08558316666667,15.7,328191.58098939655,4689458.267953636,19,T,4
1664832544.0837317,0,77344,928128,GPS1_Frame,42.33842033333334,-71.08558316666667,15.7,328191.58098939655,4689458.267953636,19,T,4
1664832545.0994697,0,77345,928140,GPS1_Frame,42.33842033333334,-71.08558316666667,15.7,328191.58098939655,4689458.267953636,19,T,4
1664832546.0944781,0,77346,928152,GPS1_Frame,42.33842033333334,-71.08558316666667,15.7,328191.58098939655,4689458.267953636,19,T,4
1664832547.0920315,0,77347,928164,GPS1_Frame,42.33842033333334,-71.08558316666667,15.7,328191.58098939655,4689458.267953636,19,T,4
1664832548.089557,0,77348,928176,GPS1_Frame,42.33842033333334,-71.08558316666667,15.7,328191.58098939655,4689458.267953636,19,T,4
1664832549.0832944,0,77349,928188,GPS1_Frame,42.3384205,-71.08558316666667,15.7,328191.5814433156,4689458.286460699,19,T,4
1664832550.0985243,0,77350,928200,GPS1_Frame,42.33842033333334,-71.08558316666667,15.7,328191.58098939655,4689458.267953636,19,T,4
1664832551.0932767,0,77351,928212,GPS1_Frame,42.33842033333334,-71.08558316666667,15.7,328191.58098939655,4689458.267953636,19,T,4
1664832552.0938466,0,77352,928224,GPS1_Frame,42.33842033333334,-71.08558316666667,15.7,328191.58098939655,4689458.267953636,19,T,4
1664832553.0847144,0,77353,928236,GPS1_Frame,42.33842033333334,-71.08558316666667,15.7,328191.58098939655,4689458.267953636,19,T,4
1664832554.0988626,0,77354,928248,GPS1_Frame,42.33842033333334,-71.08558316666667,15.7,328191.58098939655,4689458.267953636,19,T,4
1664832555.0933096,0,77355,928260,GPS1_Frame,42.33842033333334,-71.08558316666667,15.7,328191.58098939655,4689458.267953636,19,T,4
1664832556.0878718,0,77356,928272,GPS1_Frame,42.33842033333334,-71.08558316666667,15.7,328191.58098939655,4689458.267953636,19,T,4
1664832557.0844688,0,77357,928284,GPS1_Frame,42.33842033333334,-71.08558316666667,15.7,328191.58098939655,4689458.267953636,19,T,4
1664832558.0787392,0,77358,928296,GPS1_Frame,42.3384205,-71.08558316666667,15.7,328191.5814433156,4689458.286460699,19,T,4
1664832559.0785844,0,77359,928308,GPS1_Frame,42.33842033333334,-71.08558316666667,15.7,328191.58098939655,4689458.267953636,19,T,4
1664832560.0952258,0,77360,928320,GPS1_Frame,42.33842033333334,-71.08558316666667,15.7,328191.58098939655,4689458.267953636,19,T,4
1664832561.0937886,0,77361,928332,GPS1_Frame,42.33842033333334,-71.08558316666667,15.7,328191.58098939655,4689458.267953636,19,T,4
1664832562.0971699,0,77362,928344,GPS1_Frame,42.33842033333334,-71.08558316666667,15.7,328191.58098939655,4689458.267953636,19,T,4
1664832563.0806837,0,77363,928356,GPS1_Frame,42.33842033333334,-71.08558316666667,15.7,328191.58098939655,4689458.267953636,19,T,4
1664832564.0956635,0,77364,928368,GPS1_Frame,42.33842033333334,-71.08558316666667,15.7,328191.58098939655,4689458.267953636,19,T,4
1664832565.1005647,0,77365,928380,GPS1_Frame,42.33842033333334,-71.08558316666667,15.7,328191.58098939655,4689458.267953636,19,T,4
1664832566.0818255,0,77366,928392,GPS1_Frame,42.33842033333334,-71.08558316666667,15.7,328191.58098939655,4689458.267953636,19,T,4
1664832567.0784204,0,77367,928404,GPS1_Frame,42.33842033333334,-71.08558316666667,15.7,328191.58098939655,4689458.267953636,19,T,4
1664832568.0947375,0,77368,928416,GPS1_Frame,42.33842033333334,-71.08558316666667,15.7,328191.58098939655,4689458.267953636,19,T,4
1664832569.070707,0,77369,928428,GPS1_Frame,42.33842033333334,-71.08558316666667,15.7,328191.58098939655,4689458.267953636,19,T,4
1664832570.0811613,0,77370,928440,GPS1_Frame,42.33842033333334,-71.08558316666667,15.7,328191.58098939655,4689458.267953636,19,T,4
1664832571.074987,0,77371,928452,GPS1_Frame,42.33842033333334,-71.08558316666667,15.7,328191.58098939655,4689458.267953636,19,T,4
1664832572.0721643,0,77372,928464,GPS1_Frame,42.33842033333334,-71.08558316666667,15.7,328191.58098939655,4689458.267953636,19,T,4
1664832573.065959,0,77373,928476,GPS1_Frame,42.33842033333334,-71.08558316666667,15.7,328191.58098939655,4689458.267953636,19,T,4
1664832574.0800285,0,77374,928488,GPS1_Frame,42.33842033333334,-71.08558316666667,15.7,328191.58098939655,4689458.267953636,19,T,4
1664832575.0788245,0,77375,928500,GPS1_Frame,42.33842033333334,-71.08558316666667,15.7,328191.58098939655,4689458.267953636,19,T,4
1664832576.080142,0,77376,928512,GPS1_Frame,42.33842033333334,-71.08558316666667,15.7,328191.58098939655,4689458.267953636,19,T,4
1664832577.0979722,0,77377,928524,GPS1_Frame,42.33842033333334,-71.08558316666667,15.7,328191.58098939655,4689458.267953636,19,T,4
1664832578.1116042,0,77378,928536,GPS1_Frame,42.33842033333334,-71.08558316666667,15.7,328191.58098939655,4689458.267953636,19,T,4
1664832579.0829248,0,77379,928548,GPS1_Frame,42.33842033333334,-71.08558316666667,15.7,328191.58098939655,4689458.267953636,19,T,4
1664832580.0808156,0,77380,928560,GPS1_Frame,42.33842016666667,-71.08558316666667,15.7,328191.58053547755,4689458.249446574,19,T,4
1664832581.0813107,0,77381,928572,GPS1_Frame,42.33842016666667,-71.08558316666667,15.7,328191.58053547755,4689458.249446574,19,T,4
1664832582.0853,0,77382,928584,GPS1_Frame,42.33842033333334,-71.08558316666667,15.7,328191.58098939655,4689458.267953636,19,T,4
1664832583.0941973,0,77383,928596,GPS1_Frame,42.33842033333334,-71.08558316666667,15.7,328191.58098939655,4689458.267953636,19,T,4
1664832584.0863953,0,77384,928608,GPS1_Frame,42.33842033333334,-71.08558316666667,15.7,328191.58098939655,4689458.267953636,19,T,4
1664832585.0961516,0,77385,928620,GPS1_Frame,42.33842033333334,-71.08558316666667,15.7,328191.58098939655,4689458.267953636,19,T,4
1664832586.0960076,0,77386,928632,GPS1_Frame,42.33842033333334,-71.08558316666667,15.7,328191.58098939655,4689458.267953636,19,T,4
1664832587.0905383,0,77387,928644,GPS1_Frame,42.33842033333334,-71.08558316666667,15.7,328191.58098939655,4689458.267953636,19,T,4
1664832588.0820088,0,77388,928656,GPS1_Frame,42.33842016666667,-71.08558316666667,15.7,328191.58053547755,4689458.249446574,19,T,4
1664832589.0915847,0,77389,928668,GPS1_Frame,42.33842033333334,-71.085583,15.7,328191.5947198173,4689458.267616873,19,T,4
1664832590.0820746,0,77390,928680,GPS1_Frame,42.33842033333334,-71.085583,15.7,328191.5947198173,4689458.267616873,19,T,4
1664832591.0998378,0,77391,928692,GPS1_Frame,42.33842033333334,-71.085583,15.7,328191.5947198173,4689458.267616873,19,T,4
1664832592.0964265,0,77392,928704,GPS1_Frame,42.33842033333334,-71.085583,15.7,328191.5947198173,4689458.267616873,19,T,4
1664832593.0945535,0,77393,928716,GPS1_Frame,42.33842033333334,-71.08558316666667,15.7,328191.58098939655,4689458.267953636,19,T,4
1664832594.0895865,0,77394,928728,GPS1_Frame,42.33842033333334,-71.08558316666667,15.7,328191.58098939655,4689458.267953636,19,T,4
1664832595.0868216,0,77395,928740,GPS1_Frame,42.33842033333334,-71.085583,15.7,328191.5947198173,4689458.267616873,19,T,4
1664832596.0818,0,77396,928752,GPS1_Frame,42.33842033333334,-71.085583,15.7,328191.5947198173,4689458.267616873,19,T,4
1664832597.1108346,0,77397,928764,GPS1_Frame,42.33842033333334,-71.08558316666667,15.7,328191.58098939655,4689458.267953636,19,T,4
1664832598.090806,0,77398,928776,GPS1_Frame,42.33842033333334,-71.08558316666667,15.7,328191.58098939655,4689458.267953636,19,T,4
1664832599.0859864,0,77399,928788,GPS1_Frame,42.33842033333334,-71.08558316666667,15.7,328191.58098939655,4689458.267953636,19,T,4
1664832600.0801835,0,77400,928800,GPS1_Frame,42.33842033333334,-71.08558316666667,15.7,328191.58098939655,4689458.267953636,19,T,4
1664832601.0971851,0,77401,928812,GPS1_Frame,42.33842033333334,-71.08558316666667,15.7,328191.58098939655,4689458.267953636,19,T,4
1664832602.0869167,0,77402,928824,GPS1_Frame,42.33842033333334,-71.08558316666667,15.7,328191.58098939655,4689458.267953636,19,T,4
1664832603.087417,0,77403,928836,GPS1_Frame,42.33842033333334,-71.08558316666667,15.7,328191.58098939655,4689458.267953636,19,T,4
1664832604.0791268,0,77404,928848,GPS1_Frame,42.33842033333334,-71.08558316666667,15.7,328191.58098939655,4689458.267953636,19,T,4
1664832605.0987236,0,77405,928860,GPS1_Frame,42.33842033333334,-71.08558316666667,15.7,328191.58098939655,4689458.267953636,19,T,4
1664832606.0961833,0,77406,928872,GPS1_Frame,42.33842033333334,-71.08558316666667,15.7,328191.58098939655,4689458.267953636,19,T,4
1664832607.0953982,0,77407,928884,GPS1_Frame,42.33842033333334,-71.08558316666667,15.7,328191.58098939655,4689458.267953636,19,T,4
1664832608.0871322,0,77408,928896,GPS1_Frame,42.33842033333334,-71.08558316666667,15.7,328191.58098939655,4689458.267953636,19,T,4
1664832609.0881567,0,77409,928908,GPS1_Frame,42.33842033333334,-71.08558316666667,15.7,328191.58098939655,4689458.267953636,19,T,4
1664832610.0863807,0,77410,928920,GPS1_Frame,42.33842033333334,-71.08558316666667,15.7,328191.58098939655,4689458.267953636,19,T,4
1664832611.063929,0,77411,928932,GPS1_Frame,42.33842033333334,-71.08558316666667,15.7,328191.58098939655,4689458.267953636,19,T,4
1664832612.0894136,0,77412,928944,GPS1_Frame,42.33842033333334,-71.08558316666667,15.7,328191.58098939655,4689458.267953636,19,T,4
1664832613.098975,0,77413,928956,GPS1_Frame,42.33842033333334,-71.08558316666667,15.7,328191.58098939655,4689458.267953636,19,T,4
1664832614.0988004,0,77414,928968,GPS1_Frame,42.33842033333334,-71.08558316666667,15.7,328191.58098939655,4689458.267953636,19,T,4
1664832615.0895774,0,77415,928980,GPS1_Frame,42.33842033333334,-71.08558316666667,15.7,328191.58098939655,4689458.267953636,19,T,4
1664832616.0854702,0,77416,928992,GPS1_Frame,42.33842033333334,-71.08558316666667,15.7,328191.58098939655,4689458.267953636,19,T,4
1664832617.0788205,0,77417,929004,GPS1_Frame,42.33842033333334,-71.08558316666667,15.7,328191.58098939655,4689458.267953636,19,T,4
1664832618.0914843,0,77418,929016,GPS1_Frame,42.33842033333334,-71.08558316666667,15.7,328191.58098939655,4689458.267953636,19,T,4
1664832619.0951278,0,77419,929028,GPS1_Frame,42.33842033333334,-71.08558316666667,15.7,328191.58098939655,4689458.267953636,19,T,4
1664832620.0863974,0,77420,929040,GPS1_Frame,42.33842033333334,-71.08558316666667,15.7,328191.58098939655,4689458.267953636,19,T,4
1664832621.065187,0,77421,929052,GPS1_Frame,42.33842033333334,-71.08558316666667,15.7,328191.58098939655,4689458.267953636,19,T,4
1664832622.0620787,0,77422,929064,GPS1_Frame,42.33842033333334,-71.08558316666667,15.7,328191.58098939655,4689458.267953636,19,T,4
1664832623.0761955,0,77423,929076,GPS1_Frame,42.33842033333334,-71.08558316666667,15.7,328191.58098939655,4689458.267953636,19,T,4
1664832624.0849361,0,77424,929088,GPS1_Frame,42.33842033333334,-71.08558316666667,15.7,328191.58098939655,4689458.267953636,19,T,4
1664832625.1043544,0,77425,929100,GPS1_Frame,42.33842033333334,-71.08558316666667,15.7,328191.58098939655,4689458.267953636,19,T,4
1664832626.0881295,0,77426,929112,GPS1_Frame,42.33842033333334,-71.08558316666667,15.7,328191.58098939655,4689458.267953636,19,T,4
1664832627.0824914,0,77427,929124,GPS1_Frame,42.33842033333334,-71.08558316666667,15.7,328191.58098939655,4689458.267953636,19,T,4
1664832628.0978925,0,77428,929136,GPS1_Frame,42.33842033333334,-71.08558316666667,15.7,328191.58098939655,4689458.267953636,19,T,4
1664832629.086809,0,77429,929148,GPS1_Frame,42.33842033333334,-71.08558316666667,15.7,328191.58098939655,4689458.267953636,19,T,4
1664832630.085614,0,77430,929160,GPS1_Frame,42.33842033333334,-71.08558316666667,15.7,328191.58098939655,4689458.267953636,19,T,4
1664832631.084043,0,77431,929172,GPS1_Frame,42.33842033333334,-71.08558316666667,15.7,328191.58098939655,4689458.267953636,19,T,4
1664832632.0807087,0,77432,929184,GPS1_Frame,42.33842033333334,-71.08558316666667,15.7,328191.58098939655,4689458.267953636,19,T,4
1664832633.097977,0,77433,929196,GPS1_Frame,42.33842033333334,-71.08558316666667,15.7,328191.58098939655,4689458.267953636,19,T,4
1664832634.0920262,0,77434,929208,GPS1_Frame,42.33842033333334,-71.08558316666667,15.7,328191.58098939655,4689458.267953636,19,T,4
1664832635.079884,0,77435,929220,GPS1_Frame,42.33842033333334,-71.08558316666667,15.7,328191.58098939655,4689458.267953636,19,T,4
1664832636.0979652,0,77436,929232,GPS1_Frame,42.33842033333334,-71.08558316666667,15.7,328191.58098939655,4689458.267953636,19,T,4
1664832637.103014,0,77437,929244,GPS1_Frame,42.33842033333334,-71.08558316666667,15.7,328191.58098939655,4689458.267953636,19,T,4
1664832638.100115,0,77438,929256,GPS1_Frame,42.33842033333334,-71.08558316666667,15.7,328191.58098939655,4689458.267953636,19,T,4
1664832639.0888996,0,77439,929268,GPS1_Frame,42.33842033333334,-71.08558316666667,15.7,328191.58098939655,4689458.267953636,19,T,4
1664832640.0836012,0,77440,929280,GPS1_Frame,42.33842033333334,-71.08558316666667,15.7,328191.58098939655,4689458.267953636,19,T,4
1664832641.105316,0,77441,929292,GPS1_Frame,42.33842033333334,-71.08558316666667,15.7,328191.58098939655,4689458.267953636,19,T,4
1664832642.1091502,0,77442,929304,GPS1_Frame,42.33842033333334,-71.08558316666667,15.7,328191.58098939655,4689458.267953636,19,T,4
1664832643.0826387,0,77443,929316,GPS1_Frame,42.33842033333334,-71.08558316666667,15.7,328191.58098939655,4689458.267953636,19,T,4
1664832644.0934637,0,77444,929328,GPS1_Frame,42.33842033333334,-71.08558316666667,15.7,328191.58098939655,4689458.267953636,19,T,4
1664832645.0948339,0,77445,929340,GPS1_Frame,42.33842033333334,-71.08558316666667,15.7,328191.58098939655,4689458.267953636,19,T,4
1664832646.0816638,0,77446,929352,GPS1_Frame,42.33842033333334,-71.08558316666667,15.7,328191.58098939655,4689458.267953636,19,T,4
1664832647.100641,0,77447,929364,GPS1_Frame,42.33842033333334,-71.08558316666667,15.7,328191.58098939655,4689458.267953636,19,T,4
1664832648.093549,0,77448,929376,GPS1_Frame,42.33842033333334,-71.08558316666667,15.7,328191.58098939655,4689458.267953636,19,T,4
1664832649.0858498,0,77449,929388,GPS1_Frame,42.33842033333334,-71.08558316666667,15.7,328191.58098939655,4689458.267953636,19,T,4
1664832650.079365,0,77450,929400,GPS1_Frame,42.33842033333334,-71.08558316666667,15.7,328191.58098939655,4689458.267953636,19,T,4
1664832651.0903723,0,77451,929412,GPS1_Frame,42.33842033333334,-71.08558316666667,15.7,328191.58098939655,4689458.267953636,19,T,4
1664832652.1038036,0,77452,929424,GPS1_Frame,42.33842033333334,-71.08558316666667,15.7,328191.58098939655,4689458.267953636,19,T,4
1664832653.0824575,0,77453,929436,GPS1_Frame,42.33842033333334,-71.08558316666667,15.7,328191.58098939655,4689458.267953636,19,T,4
1664832654.096997,0,77454,929448,GPS1_Frame,42.33842033333334,-71.08558316666667,15.7,328191.58098939655,4689458.267953636,19,T,4
1664832655.0910313,0,77455,929460,GPS1_Frame,42.33842033333334,-71.08558316666667,15.7,328191.58098939655,4689458.267953636,19,T,4
1664832656.0994215,0,77456,929472,GPS1_Frame,42.33842033333334,-71.08558316666667,15.7,328191.58098939655,4689458.267953636,19,T,4
1664832657.0956054,0,77457,929484,GPS1_Frame,42.33842033333334,-71.08558316666667,15.7,328191.58098939655,4689458.267953636,19,T,4
1664832658.0881546,0,77458,929496,GPS1_Frame,42.33842033333334,-71.08558316666667,15.7,328191.58098939655,4689458.267953636,19,T,4
1664832659.0824575,0,77459,929508,GPS1_Frame,42.33842033333334,-71.08558316666667,15.7,328191.58098939655,4689458.267953636,19,T,4
1664832660.0957456,0,77460,929520,GPS1_Frame,42.33842016666667,-71.08558316666667,15.7,328191.58053547755,4689458.249446574,19,T,4
1664832661.089894,0,77461,929532,GPS1_Frame,42.33842033333334,-71.08558316666667,15.7,328191.58098939655,4689458.267953636,19,T,4
1664832662.0985515,0,77462,929544,GPS1_Frame,42.33842016666667,-71.08558316666667,15.7,328191.58053547755,4689458.249446574,19,T,4
1664832663.0908992,0,77463,929556,GPS1_Frame,42.33842016666667,-71.08558316666667,15.7,328191.58053547755,4689458.249446574,19,T,4
1664832664.0818517,0,77464,929568,GPS1_Frame,42.33842033333334,-71.08558316666667,15.7,328191.58098939655,4689458.267953636,19,T,4
1664832665.0975385,0,77465,929580,GPS1_Frame,42.33842033333334,-71.08558316666667,15.7,328191.58098939655,4689458.267953636,19,T,4
1664832666.0891032,0,77466,929592,GPS1_Frame,42.33842033333334,-71.08558316666667,15.7,328191.58098939655,4689458.267953636,19,T,4
1664832667.085165,0,77467,929604,GPS1_Frame,42.33842033333334,-71.085583,15.7,328191.5947198173,4689458.267616873,19,T,4
1664832668.0811665,0,77468,929616,GPS1_Frame,42.33842033333334,-71.085583,15.7,328191.5947198173,4689458.267616873,19,T,4
1664832669.0933998,0,77469,929628,GPS1_Frame,42.33842033333334,-71.08558316666667,15.7,328191.58098939655,4689458.267953636,19,T,4
1664832670.0879493,0,77470,929640,GPS1_Frame,42.33842033333334,-71.08558316666667,15.7,328191.58098939655,4689458.267953636,19,T,4
1664832671.0806916,0,77471,929652,GPS1_Frame,42.33842033333334,-71.08558316666667,15.7,328191.58098939655,4689458.267953636,19,T,4
1664832672.096654,0,77472,929664,GPS1_Frame,42.33842033333334,-71.08558316666667,15.7,328191.58098939655,4689458.267953636,19,T,4
1664832673.0890448,0,77473,929676,GPS1_Frame,42.33842033333334,-71.08558316666667,15.7,328191.58098939655,4689458.267953636,19,T,4
1664832674.087124,0,77474,929688,GPS1_Frame,42.33842033333334,-71.08558316666667,15.7,328191.58098939655,4689458.267953636,19,T,4
1664832675.0794349,0,77475,929700,GPS1_Frame,42.33842033333334,-71.085583,15.7,328191.5947198173,4689458.267616873,19,T,4
1664832676.09476,0,77476,929712,GPS1_Frame,42.33842033333334,-71.085583,15.7,328191.5947198173,4689458.267616873,19,T,4
1664832677.0939865,0,77477,929724,GPS1_Frame,42.33842033333334,-71.08558316666667,15.7,328191.58098939655,4689458.267953636,19,T,4
1664832678.088537,0,77478,929736,GPS1_Frame,42.33842033333334,-71.08558316666667,15.7,328191.58098939655,4689458.267953636,19,T,4
1664832679.0814803,0,77479,929748,GPS1_Frame,42.33842033333334,-71.08558316666667,15.7,328191.58098939655,4689458.267953636,19,T,4
1664832680.0991418,0,77480,929760,GPS1_Frame,42.33842033333334,-71.08558316666667,15.7,328191.58098939655,4689458.267953636,19,T,4
1664832681.0830832,0,77481,929772,GPS1_Frame,42.33842033333334,-71.08558316666667,15.7,328191.58098939655,4689458.267953636,19,T,4
1664832682.078975,0,77482,929784,GPS1_Frame,42.33842033333334,-71.08558316666667,15.7,328191.58098939655,4689458.267953636,19,T,4
1664832683.0959563,0,77483,929796,GPS1_Frame,42.33842033333334,-71.08558316666667,15.7,328191.58098939655,4689458.267953636,19,T,4
1664832684.0895076,0,77484,929808,GPS1_Frame,42.33842033333334,-71.08558316666667,15.7,328191.58098939655,4689458.267953636,19,T,4
1664832685.0802732,0,77485,929820,GPS1_Frame,42.33842033333334,-71.08558316666667,15.7,328191.58098939655,4689458.267953636,19,T,4
1664832686.0915773,0,77486,929832,GPS1_Frame,42.33842033333334,-71.08558316666667,15.7,328191.58098939655,4689458.267953636,19,T,4
1664832687.0877304,0,77487,929844,GPS1_Frame,42.33842033333334,-71.08558316666667,15.7,328191.58098939655,4689458.267953636,19,T,2
1664832688.0980885,0,77488,929856,GPS1_Frame,42.33842033333334,-71.085583,15.7,328191.5947198173,4689458.267616873,19,T,4
1664832689.0907505,0,77489,929868,GPS1_Frame,42.33842033333334,-71.08558316666667,15.7,328191.58098939655,4689458.267953636,19,T,4
1664832690.0841806,0,77490,929880,GPS1_Frame,42.33842016666667,-71.08558316666667,15.7,328191.58053547755,4689458.249446574,19,T,4
1664832691.0830913,0,77491,929892,GPS1_Frame,42.33842033333334,-71.08558316666667,15.7,328191.58098939655,4689458.267953636,19,T,4
1664832692.0951276,0,77492,929904,GPS1_Frame,42.33842033333334,-71.085583,15.7,328191.5947198173,4689458.267616873,19,T,4
1664832693.0825288,0,77493,929916,GPS1_Frame,42.33842033333334,-71.085583,15.7,328191.5947198173,4689458.267616873,19,T,4
1664832694.0967753,0,77494,929928,GPS1_Frame,42.33842033333334,-71.085583,15.7,328191.5947198173,4689458.267616873,19,T,4
1664832695.095204,0,77495,929940,GPS1_Frame,42.33842033333334,-71.085583,15.7,328191.5947198173,4689458.267616873,19,T,4
1664832696.0719316,0,77496,929952,GPS1_Frame,42.33842033333334,-71.085583,15.7,328191.5947198173,4689458.267616873,19,T,4
1664832697.0978498,0,77497,929964,GPS1_Frame,42.33842033333334,-71.085583,15.7,328191.5947198173,4689458.267616873,19,T,4
1664832698.0749757,0,77498,929976,GPS1_Frame,42.33842033333334,-71.085583,15.7,328191.5947198173,4689458.267616873,19,T,4
1664832699.0801523,0,77499,929988,GPS1_Frame,42.33842033333334,-71.085583,15.7,328191.5947198173,4689458.267616873,19,T,4
1664832700.0907376,0,77500,930000,GPS1_Frame,42.33842033333334,-71.085583,15.7,328191.5947198173,4689458.267616873,19,T,4
1664832701.086016,0,77501,930012,GPS1_Frame,42.33842033333334,-71.085583,15.7,328191.5947198173,4689458.267616873,19,T,4
1664832702.0840676,0,77502,930024,GPS1_Frame,42.33842033333334,-71.085583,15.7,328191.5947198173,4689458.267616873,19,T,4
1664832703.098456,0,77503,930036,GPS1_Frame,42.33842033333334,-71.085583,15.7,328191.5947198173,4689458.267616873,19,T,4
1664832704.0963786,0,77504,930048,GPS1_Frame,42.33842033333334,-71.085583,15.7,328191.5947198173,4689458.267616873,19,T,4
1664832705.0860949,0,77505,930060,GPS1_Frame,42.33842033333334,-71.085583,15.7,328191.5947198173,4689458.267616873,19,T,4
1664832706.079273,0,77506,930072,GPS1_Frame,42.33842033333334,-71.085583,15.7,328191.5947198173,4689458.267616873,19,T,4
1664832707.093803,0,77507,930084,GPS1_Frame,42.33842033333334,-71.085583,15.7,328191.5947198173,4689458.267616873,19,T,4
1664832708.0829353,0,77508,930096,GPS1_Frame,42.33842033333334,-71.085583,15.7,328191.5947198173,4689458.267616873,19,T,4
1664832709.0955029,0,77509,930108,GPS1_Frame,42.33842033333334,-71.085583,15.7,328191.5947198173,4689458.267616873,19,T,4
1664832710.0889456,0,77510,930120,GPS1_Frame,42.33842033333334,-71.08558316666667,15.7,328191.58098939655,4689458.267953636,19,T,4
1664832711.0825465,0,77511,930132,GPS1_Frame,42.33842033333334,-71.085583,15.7,328191.5947198173,4689458.267616873,19,T,4
1664832712.097492,0,77512,930144,GPS1_Frame,42.33842033333334,-71.085583,15.7,328191.5947198173,4689458.267616873,19,T,4
1664832713.1003857,0,77513,930156,GPS1_Frame,42.33842033333334,-71.085583,15.7,328191.5947198173,4689458.267616873,19,T,4
1664832714.0962722,0,77514,930168,GPS1_Frame,42.33842033333334,-71.085583,15.7,328191.5947198173,4689458.267616873,19,T,4
1664832715.0912857,0,77515,930180,GPS1_Frame,42.33842033333334,-71.085583,15.7,328191.5947198173,4689458.267616873,19,T,4
1664832716.098459,0,77516,930192,GPS1_Frame,42.33842033333334,-71.085583,15.7,328191.5947198173,4689458.267616873,19,T,4
1664832717.0931678,0,77517,930204,GPS1_Frame,42.33842033333334,-71.085583,15.7,328191.5947198173,4689458.267616873,19,T,4
1664832718.0839455,0,77518,930216,GPS1_Frame,42.33842033333334,-71.08558316666667,15.7,328191.58098939655,4689458.267953636,19,T,4
1664832719.0924537,0,77519,930228,GPS1_Frame,42.33842033333334,-71.085583,15.7,328191.5947198173,4689458.267616873,19,T,4
1664832720.0764196,0,77520,930240,GPS1_Frame,42.33842033333334,-71.08558316666667,15.7,328191.58098939655,4689458.267953636,19,T,4
1664832721.0761702,0,77521,930252,GPS1_Frame,42.33842033333334,-71.08558316666667,15.7,328191.58098939655,4689458.267953636,19,T,4
1664832722.1111984,0,77522,930264,GPS1_Frame,42.33842033333334,-71.08558316666667,15.7,328191.58098939655,4689458.267953636,19,T,4
1664832723.0683422,0,77523,930276,GPS1_Frame,42.33842033333334,-71.085583,15.7,328191.5947198173,4689458.267616873,19,T,4
1664832724.0971668,0,77524,930288,GPS1_Frame,42.33842033333334,-71.08558316666667,15.7,328191.58098939655,4689458.267953636,19,T,4
1664832725.1035714,0,77525,930300,GPS1_Frame,42.33842033333334,-71.08558316666667,15.7,328191.58098939655,4689458.267953636,19,T,4
1664832726.0933537,0,77526,930312,GPS1_Frame,42.33842033333334,-71.08558316666667,15.7,328191.58098939655,4689458.267953636,19,T,4
1664832727.0878477,0,77527,930324,GPS1_Frame,42.33842033333334,-71.085583,15.7,328191.5947198173,4689458.267616873,19,T,4
1664832728.073436,0,77528,930336,GPS1_Frame,42.33842033333334,-71.085583,15.7,328191.5947198173,4689458.267616873,19,T,4
1664832729.0957887,0,77529,930348,GPS1_Frame,42.33842033333334,-71.085583,15.7,328191.5947198173,4689458.267616873,19,T,4
1664832730.0939224,0,77530,930360,GPS1_Frame,42.33842033333334,-71.085583,15.7,328191.5947198173,4689458.267616873,19,T,4
1664832731.0870388,0,77531,930372,GPS1_Frame,42.33842033333334,-71.08558316666667,15.7,328191.58098939655,4689458.267953636,19,T,4
1664832732.0849545,0,77532,930384,GPS1_Frame,42.33842033333334,-71.08558316666667,15.7,328191.58098939655,4689458.267953636,19,T,4
1664832733.1045291,0,77533,930396,GPS1_Frame,42.33842033333334,-71.08558316666667,15.7,328191.58098939655,4689458.267953636,19,T,4
1664832734.0886402,0,77534,930408,GPS1_Frame,42.33842033333334,-71.08558316666667,15.7,328191.58098939655,4689458.267953636,19,T,4
1664832735.067147,0,77535,930420,GPS1_Frame,42.33842033333334,-71.085583,15.7,328191.5947198173,4689458.267616873,19,T,4
1664832736.0958476,0,77536,930432,GPS1_Frame,42.33842033333334,-71.08558316666667,15.7,328191.58098939655,4689458.267953636,19,T,4
1664832737.071421,0,77537,930444,GPS1_Frame,42.33842033333334,-71.085583,15.7,328191.5947198173,4689458.267616873,19,T,4
1664832738.0895917,0,77538,930456,GPS1_Frame,42.33842033333334,-71.08558316666667,15.7,328191.58098939655,4689458.267953636,19,T,4
1664832739.0671828,0,77539,930468,GPS1_Frame,42.33842033333334,-71.08558316666667,15.7,328191.58098939655,4689458.267953636,19,T,4
1664832740.0658653,0,77540,930480,GPS1_Frame,42.33842033333334,-71.08558316666667,15.7,328191.58098939655,4689458.267953636,19,T,4
1664832741.0783951,0,77541,930492,GPS1_Frame,42.33842033333334,-71.085583,15.7,328191.5947198173,4689458.267616873,19,T,4
1664832742.0721319,0,77542,930504,GPS1_Frame,42.33842033333334,-71.085583,15.7,328191.5947198173,4689458.267616873,19,T,4
1664832743.08293,0,77543,930516,GPS1_Frame,42.33842033333334,-71.085583,15.7,328191.5947198173,4689458.267616873,19,T,4
1664832744.0902963,0,77544,930528,GPS1_Frame,42.33842033333334,-71.08558316666667,15.7,328191.58098939655,4689458.267953636,19,T,4
1664832745.0924454,0,77545,930540,GPS1_Frame,42.33842033333334,-71.08558316666667,15.7,328191.58098939655,4689458.267953636,19,T,4
1664832746.0739648,0,77546,930552,GPS1_Frame,42.33842033333334,-71.085583,15.7,328191.5947198173,4689458.267616873,19,T,4
1664832747.083124,0,77547,930564,GPS1_Frame,42.33842033333334,-71.08558316666667,15.7,328191.58098939655,4689458.267953636,19,T,4
1664832748.091977,0,77548,930576,GPS1_Frame,42.33842033333334,-71.085583,15.7,328191.5947198173,4689458.267616873,19,T,4
1664832749.0867295,0,77549,930588,GPS1_Frame,42.33842033333334,-71.085583,15.7,328191.5947198173,4689458.267616873,19,T,4
1664832750.102882,0,77550,930600,GPS1_Frame,42.33842033333334,-71.085583,15.7,328191.5947198173,4689458.267616873,19,T,4
1664832751.0986478,0,77551,930612,GPS1_Frame,42.33842033333334,-71.085583,15.7,328191.5947198173,4689458.267616873,19,T,4
1664832752.0991828,0,77552,930624,GPS1_Frame,42.33842033333334,-71.08558316666667,15.7,328191.58098939655,4689458.267953636,19,T,4
1664832753.0972009,0,77553,930636,GPS1_Frame,42.33842033333334,-71.085583,15.7,328191.5947198173,4689458.267616873,19,T,4
1664832754.0937495,0,77554,930648,GPS1_Frame,42.33842033333334,-71.085583,15.7,328191.5947198173,4689458.267616873,19,T,4
1664832755.0876756,0,77555,930660,GPS1_Frame,42.33842033333334,-71.085583,15.7,328191.5947198173,4689458.267616873,19,T,4
1664832756.0808272,0,77556,930672,GPS1_Frame,42.33842033333334,-71.085583,15.7,328191.5947198173,4689458.267616873,19,T,4
1664832757.0820518,0,77557,930684,GPS1_Frame,42.33842033333334,-71.085583,15.7,328191.5947198173,4689458.267616873,19,T,4
1664832758.1019392,0,77558,930696,GPS1_Frame,42.33842033333334,-71.085583,15.7,328191.5947198173,4689458.267616873,19,T,4
1664832759.097575,0,77559,930708,GPS1_Frame,42.33842033333334,-71.085583,15.7,328191.5947198173,4689458.267616873,19,T,4
1664832760.090037,0,77560,930720,GPS1_Frame,42.33842033333334,-71.085583,15.7,328191.5947198173,4689458.267616873,19,T,4
1664832761.0844657,0,77561,930732,GPS1_Frame,42.33842033333334,-71.085583,15.7,328191.5947198173,4689458.267616873,19,T,4
1664832762.108116,0,77562,930744,GPS1_Frame,42.33842033333334,-71.085583,15.7,328191.5947198173,4689458.267616873,19,T,4
1664832763.078045,0,77563,930756,GPS1_Frame,42.33842033333334,-71.085583,15.7,328191.5947198173,4689458.267616873,19,T,4
1664832764.087553,0,77564,930768,GPS1_Frame,42.33842033333334,-71.08558316666667,15.7,328191.58098939655,4689458.267953636,19,T,4
1664832765.0798,0,77565,930780,GPS1_Frame,42.33842033333334,-71.08558316666667,15.7,328191.58098939655,4689458.267953636,19,T,4
1664832766.0932999,0,77566,930792,GPS1_Frame,42.33842033333334,-71.08558316666667,15.7,328191.58098939655,4689458.267953636,19,T,4
1664832767.0905514,0,77567,930804,GPS1_Frame,42.33842033333334,-71.08558316666667,15.7,328191.58098939655,4689458.267953636,19,T,4
1664832768.0848832,0,77568,930816,GPS1_Frame,42.33842033333334,-71.085583,15.7,328191.5947198173,4689458.267616873,19,T,4
1664832769.095454,0,77569,930828,GPS1_Frame,42.33842033333334,-71.085583,15.7,328191.5947198173,4689458.267616873,19,T,4
1664832770.0717103,0,77570,930840,GPS1_Frame,42.33842033333334,-71.085583,15.7,328191.5947198173,4689458.267616873,19,T,4
1664832771.1012194,0,77571,930852,GPS1_Frame,42.33842033333334,-71.085583,15.7,328191.5947198173,4689458.267616873,19,T,4
1664832772.1010823,0,77572,930864,GPS1_Frame,42.33842033333334,-71.085583,15.7,328191.5947198173,4689458.267616873,19,T,4
1664832773.0795228,0,77573,930876,GPS1_Frame,42.33842033333334,-71.08558316666667,15.7,328191.58098939655,4689458.267953636,19,T,4
1664832774.095956,0,77574,930888,GPS1_Frame,42.33842033333334,-71.08558316666667,15.7,328191.58098939655,4689458.267953636,19,T,4
1664832775.0911033,0,77575,930900,GPS1_Frame,42.33842033333334,-71.085583,15.7,328191.5947198173,4689458.267616873,19,T,4
1664832776.1023073,0,77576,930912,GPS1_Frame,42.33842033333334,-71.085583,15.7,328191.5947198173,4689458.267616873,19,T,4
1664832777.084724,0,77577,930924,GPS1_Frame,42.33842033333334,-71.085583,15.7,328191.5947198173,4689458.267616873,19,T,4
1664832778.103437,0,77578,930936,GPS1_Frame,42.33842033333334,-71.085583,15.7,328191.5947198173,4689458.267616873,19,T,4
1664832779.096019,0,77579,930948,GPS1_Frame,42.33842033333334,-71.085583,15.7,328191.5947198173,4689458.267616873,19,T,4
1664832780.0940604,0,77580,930960,GPS1_Frame,42.33842033333334,-71.085583,15.7,328191.5947198173,4689458.267616873,19,T,4
1664832781.087909,0,77581,930972,GPS1_Frame,42.33842033333334,-71.085583,15.7,328191.5947198173,4689458.267616873,19,T,4
1664832782.097131,0,77582,930984,GPS1_Frame,42.33842033333334,-71.085583,15.7,328191.5947198173,4689458.267616873,19,T,4
1664832783.0947087,0,77583,930996,GPS1_Frame,42.33842033333334,-71.085583,15.7,328191.5947198173,4689458.267616873,19,T,4
1664832784.0944734,0,77584,931008,GPS1_Frame,42.33842033333334,-71.085583,15.7,328191.5947198173,4689458.267616873,19,T,4
1664832785.082037,0,77585,931020,GPS1_Frame,42.33842033333334,-71.085583,15.7,328191.5947198173,4689458.267616873,19,T,4
1664832786.0952005,0,77586,931032,GPS1_Frame,42.33842033333334,-71.08558316666667,15.7,328191.58098939655,4689458.267953636,19,T,4
1664832787.0895135,0,77587,931044,GPS1_Frame,42.33842033333334,-71.08558316666667,15.7,328191.58098939655,4689458.267953636,19,T,4
1664832788.0855346,0,77588,931056,GPS1_Frame,42.33842033333334,-71.08558316666667,15.7,328191.58098939655,4689458.267953636,19,T,4
1664832789.097493,0,77589,931068,GPS1_Frame,42.33842033333334,-71.08558316666667,15.7,328191.58098939655,4689458.267953636,19,T,4
1664832790.076975,0,77590,931080,GPS1_Frame,42.33842033333334,-71.085583,15.7,328191.5947198173,4689458.267616873,19,T,4
1664832791.079742,0,77591,931092,GPS1_Frame,42.33842033333334,-71.085583,15.7,328191.5947198173,4689458.267616873,19,T,4
1664832792.0801392,0,77592,931104,GPS1_Frame,42.33842033333334,-71.08558316666667,15.7,328191.58098939655,4689458.267953636,19,T,4
1664832793.079347,0,77593,931116,GPS1_Frame,42.33842033333334,-71.08558316666667,15.7,328191.58098939655,4689458.267953636,19,T,4
1664832794.085401,0,77594,931128,GPS1_Frame,42.33842033333334,-71.08558316666667,15.7,328191.58098939655,4689458.267953636,19,T,4
1664832795.0995157,0,77595,931140,GPS1_Frame,42.33842033333334,-71.085583,15.7,328191.5947198173,4689458.267616873,19,T,4
1664832796.0867488,0,77596,931152,GPS1_Frame,42.33842033333334,-71.08558316666667,15.7,328191.58098939655,4689458.267953636,19,T,4
1664832797.086474,0,77597,931164,GPS1_Frame,42.33842033333334,-71.08558316666667,15.7,328191.58098939655,4689458.267953636,19,T,4
1664832798.1001585,0,77598,931176,GPS1_Frame,42.33842033333334,-71.08558316666667,15.7,328191.58098939655,4689458.267953636,19,T,4
1664832799.0870655,0,77599,931188,GPS1_Frame,42.33842033333334,-71.08558316666667,15.7,328191.58098939655,4689458.267953636,19,T,4
1664832800.0837631,0,77600,931200,GPS1_Frame,42.33842033333334,-71.08558316666667,15.7,328191.58098939655,4689458.267953636,19,T,4
1664832801.0917602,0,77601,931212,GPS1_Frame,42.33842033333334,-71.085583,15.7,328191.5947198173,4689458.267616873,19,T,4
1664832802.0788136,0,77602,931224,GPS1_Frame,42.33842033333334,-71.08558316666667,15.7,328191.58098939655,4689458.267953636,19,T,4
1664832803.0933673,0,77603,931236,GPS1_Frame,42.33842033333334,-71.08558316666667,15.7,328191.58098939655,4689458.267953636,19,T,4
1664832804.0874922,0,77604,931248,GPS1_Frame,42.33842033333334,-71.08558316666667,15.7,328191.58098939655,4689458.267953636,19,T,4
1664832805.1025991,0,77605,931260,GPS1_Frame,42.33842033333334,-71.08558316666667,15.7,328191.58098939655,4689458.267953636,19,T,4
1664832806.0814178,0,77606,931272,GPS1_Frame,42.33842033333334,-71.085583,15.7,328191.5947198173,4689458.267616873,19,T,4
1664832807.0946913,0,77607,931284,GPS1_Frame,42.33842033333334,-71.085583,15.7,328191.5947198173,4689458.267616873,19,T,4
1664832808.0866241,0,77608,931296,GPS1_Frame,42.33842033333334,-71.085583,15.7,328191.5947198173,4689458.267616873,19,T,4
1664832809.0974085,0,77609,931308,GPS1_Frame,42.33842033333334,-71.08558316666667,15.7,328191.58098939655,4689458.267953636,19,T,4
1664832810.0925808,0,77610,931320,GPS1_Frame,42.33842033333334,-71.085583,15.7,328191.5947198173,4689458.267616873,19,T,4
1664832811.087354,0,77611,931332,GPS1_Frame,42.33842033333334,-71.08558316666667,15.7,328191.58098939655,4689458.267953636,19,T,4
1664832812.0802166,0,77612,931344,GPS1_Frame,42.33842033333334,-71.08558316666667,15.7,328191.58098939655,4689458.267953636,19,T,4
1664832813.0980804,0,77613,931356,GPS1_Frame,42.33842033333334,-71.08558316666667,15.7,328191.58098939655,4689458.267953636,19,T,4
1664832814.0914347,0,77614,931368,GPS1_Frame,42.33842033333334,-71.085583,15.7,328191.5947198173,4689458.267616873,19,T,4
1664832815.0860882,0,77615,931380,GPS1_Frame,42.33842033333334,-71.085583,15.7,328191.5947198173,4689458.267616873,19,T,4
1664832816.0898564,0,77616,931392,GPS1_Frame,42.33842033333334,-71.085583,15.7,328191.5947198173,4689458.267616873,19,T,4
1664832817.0908816,0,77617,931404,GPS1_Frame,42.33842033333334,-71.085583,15.7,328191.5947198173,4689458.267616873,19,T,4
1664832818.0827923,0,77618,931416,GPS1_Frame,42.33842033333334,-71.08558316666667,15.7,328191.58098939655,4689458.267953636,19,T,4
1664832819.0913062,0,77619,931428,GPS1_Frame,42.33842033333334,-71.08558316666667,15.7,328191.58098939655,4689458.267953636,19,T,4
1664832820.0799284,0,77620,931440,GPS1_Frame,42.33842033333334,-71.08558316666667,15.7,328191.58098939655,4689458.267953636,19,T,4
1664832821.0919168,0,77621,931452,GPS1_Frame,42.33842033333334,-71.085583,15.7,328191.5947198173,4689458.267616873,19,T,4
1664832822.085761,0,77622,931464,GPS1_Frame,42.33842033333334,-71.085583,15.7,328191.5947198173,4689458.267616873,19,T,4
1664832823.081515,0,77623,931476,GPS1_Frame,42.33842033333334,-71.085583,15.7,328191.5947198173,4689458.267616873,19,T,4
1664832824.0974357,0,77624,931488,GPS1_Frame,42.33842033333334,-71.085583,15.7,328191.5947198173,4689458.267616873,19,T,4
1664832825.0894194,0,77625,931500,GPS1_Frame,42.33842033333334,-71.085583,15.7,328191.5947198173,4689458.267616873,19,T,4
1664832826.0815344,0,77626,931512,GPS1_Frame,42.33842033333334,-71.085583,15.7,328191.5947198173,4689458.267616873,19,T,4
1664832827.09408,0,77627,931524,GPS1_Frame,42.33842033333334,-71.085583,15.7,328191.5947198173,4689458.267616873,19,T,4
1664832828.0939834,0,77628,931536,GPS1_Frame,42.33842033333334,-71.085583,15.7,328191.5947198173,4689458.267616873,19,T,4
1664832829.0877182,0,77629,931548,GPS1_Frame,42.33842033333334,-71.085583,15.7,328191.5947198173,4689458.267616873,19,T,4
1664832830.083333,0,77630,931560,GPS1_Frame,42.33842033333334,-71.08558316666667,15.7,328191.58098939655,4689458.267953636,19,T,4
1664832831.0963297,0,77631,931572,GPS1_Frame,42.33842033333334,-71.08558316666667,15.7,328191.58098939655,4689458.267953636,19,T,4
1664832832.0873592,0,77632,931584,GPS1_Frame,42.33842033333334,-71.085583,15.7,328191.5947198173,4689458.267616873,19,T,4
1664832833.0795333,0,77633,931596,GPS1_Frame,42.33842033333334,-71.085583,15.7,328191.5947198173,4689458.267616873,19,T,4
1664832834.0945966,0,77634,931608,GPS1_Frame,42.33842033333334,-71.085583,15.7,328191.5947198173,4689458.267616873,19,T,4
1664832835.0916607,0,77635,931620,GPS1_Frame,42.33842033333334,-71.085583,15.7,328191.5947198173,4689458.267616873,19,T,4
1664832836.0809233,0,77636,931632,GPS1_Frame,42.33842033333334,-71.085583,15.7,328191.5947198173,4689458.267616873,19,T,4
1664832837.0972395,0,77637,931644,GPS1_Frame,42.33842033333334,-71.08558316666667,15.7,328191.58098939655,4689458.267953636,19,T,4
1664832838.091657,0,77638,931656,GPS1_Frame,42.33842033333334,-71.085583,15.7,328191.5947198173,4689458.267616873,19,T,4
1664832839.0831294,0,77639,931668,GPS1_Frame,42.33842033333334,-71.085583,15.7,328191.5947198173,4689458.267616873,19,T,4
1664832840.0802953,0,77640,931680,GPS1_Frame,42.33842033333334,-71.085583,15.7,328191.5947198173,4689458.267616873,19,T,4
1664832841.0985548,0,77641,931692,GPS1_Frame,42.33842033333334,-71.085583,15.7,328191.5947198173,4689458.267616873,19,T,4
1664832842.095511,0,77642,931704,GPS1_Frame,42.33842033333334,-71.08558316666667,15.7,328191.58098939655,4689458.267953636,19,T,4
1664832843.100008,0,77643,931716,GPS1_Frame,42.33842033333334,-71.08558316666667,15.7,328191.58098939655,4689458.267953636,19,T,4
1664832844.100336,0,77644,931728,GPS1_Frame,42.33842033333334,-71.085583,15.7,328191.5947198173,4689458.267616873,19,T,4
1664832845.0860329,0,77645,931740,GPS1_Frame,42.33842033333334,-71.085583,15.7,328191.5947198173,4689458.267616873,19,T,4
1664832846.0803878,0,77646,931752,GPS1_Frame,42.33842033333334,-71.085583,15.7,328191.5947198173,4689458.267616873,19,T,4
1664832847.0939076,0,77647,931764,GPS1_Frame,42.33842033333334,-71.08558316666667,15.7,328191.58098939655,4689458.267953636,19,T,4
1664832848.084108,0,77648,931776,GPS1_Frame,42.33842033333334,-71.08558316666667,15.7,328191.58098939655,4689458.267953636,19,T,4
1664832849.0952685,0,77649,931788,GPS1_Frame,42.33842033333334,-71.085583,15.7,328191.5947198173,4689458.267616873,19,T,4
1664832850.092145,0,77650,931800,GPS1_Frame,42.33842033333334,-71.08558316666667,15.7,328191.58098939655,4689458.267953636,19,T,4
1664832851.0855093,0,77651,931812,GPS1_Frame,42.33842033333334,-71.08558316666667,15.7,328191.58098939655,4689458.267953636,19,T,4
1664832852.0992918,0,77652,931824,GPS1_Frame,42.33842033333334,-71.08558316666667,15.7,328191.58098939655,4689458.267953636,19,T,4
1664832853.0941272,0,77653,931836,GPS1_Frame,42.33842033333334,-71.08558316666667,15.7,328191.58098939655,4689458.267953636,19,T,4
1664832854.0907018,0,77654,931848,GPS1_Frame,42.33842033333334,-71.085583,15.7,328191.5947198173,4689458.267616873,19,T,4
1664832855.0834079,0,77655,931860,GPS1_Frame,42.33842033333334,-71.08558316666667,15.7,328191.58098939655,4689458.267953636,19,T,4
1664832856.0948825,0,77656,931872,GPS1_Frame,42.33842016666667,-71.085583,15.7,328191.5942658983,4689458.249109811,19,T,4
1664832857.0849926,0,77657,931884,GPS1_Frame,42.33842033333334,-71.085583,15.7,328191.5947198173,4689458.267616873,19,T,4
1664832858.1018164,0,77658,931896,GPS1_Frame,42.33842033333334,-71.08558316666667,15.7,328191.58098939655,4689458.267953636,19,T,4
1664832859.0922778,0,77659,931908,GPS1_Frame,42.33842033333334,-71.08558316666667,15.7,328191.58098939655,4689458.267953636,19,T,4
1664832860.086893,0,77660,931920,GPS1_Frame,42.33842033333334,-71.08558316666667,15.7,328191.58098939655,4689458.267953636,19,T,4
1664832861.1057503,0,77661,931932,GPS1_Frame,42.33842033333334,-71.08558316666667,15.7,328191.58098939655,4689458.267953636,19,T,4
1664832862.0928433,0,77662,931944,GPS1_Frame,42.33842033333334,-71.08558316666667,15.7,328191.58098939655,4689458.267953636,19,T,4
1664832863.0870345,0,77663,931956,GPS1_Frame,42.33842033333334,-71.08558316666667,15.7,328191.58098939655,4689458.267953636,19,T,4
1664832864.0766704,0,77664,931968,GPS1_Frame,42.33842033333334,-71.08558316666667,15.7,328191.58098939655,4689458.267953636,19,T,4
1664832865.1035647,0,77665,931980,GPS1_Frame,42.33842033333334,-71.08558316666667,15.7,328191.58098939655,4689458.267953636,19,T,4
1664832866.0899374,0,77666,931992,GPS1_Frame,42.33842033333334,-71.08558316666667,15.7,328191.58098939655,4689458.267953636,19,T,4
1664832867.0970902,0,77667,932004,GPS1_Frame,42.33842016666667,-71.08558316666667,15.7,328191.58053547755,4689458.249446574,19,T,4
1664832868.091442,0,77668,932016,GPS1_Frame,42.33842033333334,-71.08558316666667,15.7,328191.58098939655,4689458.267953636,19,T,4
1664832869.0843163,0,77669,932028,GPS1_Frame,42.33842033333334,-71.085583,15.7,328191.5947198173,4689458.267616873,19,T,4
1664832870.0839074,0,77670,932040,GPS1_Frame,42.33842033333334,-71.085583,15.7,328191.5947198173,4689458.267616873,19,T,4
1664832871.1019387,0,77671,932052,GPS1_Frame,42.33842033333334,-71.085583,15.7,328191.5947198173,4689458.267616873,19,T,4
1664832872.0948746,0,77672,932064,GPS1_Frame,42.33842033333334,-71.085583,15.7,328191.5947198173,4689458.267616873,19,T,4
1664832873.0925877,0,77673,932076,GPS1_Frame,42.33842033333334,-71.085583,15.7,328191.5947198173,4689458.267616873,19,T,4
1664832874.0872173,0,77674,932088,GPS1_Frame,42.33842033333334,-71.085583,15.7,328191.5947198173,4689458.267616873,19,T,4
1664832875.082695,0,77675,932100,GPS1_Frame,42.33842033333334,-71.085583,15.7,328191.5947198173,4689458.267616873,19,T,4
1664832876.0987022,0,77676,932112,GPS1_Frame,42.33842033333334,-71.085583,15.7,328191.5947198173,4689458.267616873,19,T,4
1664832877.0970898,0,77677,932124,GPS1_Frame,42.33842033333334,-71.085583,15.7,328191.5947198173,4689458.267616873,19,T,4
1664832878.0946796,0,77678,932136,GPS1_Frame,42.33842033333334,-71.08558316666667,15.7,328191.58098939655,4689458.267953636,19,T,4
1664832879.0778775,0,77679,932148,GPS1_Frame,42.33842033333334,-71.08558316666667,15.7,328191.58098939655,4689458.267953636,19,T,4
1664832880.0965025,0,77680,932160,GPS1_Frame,42.33842033333334,-71.085583,15.7,328191.5947198173,4689458.267616873,19,T,4
1664832881.0876226,0,77681,932172,GPS1_Frame,42.33842016666667,-71.08558316666667,15.7,328191.58053547755,4689458.249446574,19,T,4
1664832882.0994842,0,77682,932184,GPS1_Frame,42.33842033333334,-71.08558316666667,15.7,328191.58098939655,4689458.267953636,19,T,4
1664832883.0930266,0,77683,932196,GPS1_Frame,42.33842033333334,-71.08558316666667,15.7,328191.58098939655,4689458.267953636,19,T,4
1664832884.0865135,0,77684,932208,GPS1_Frame,42.33842016666667,-71.08558316666667,15.7,328191.58053547755,4689458.249446574,19,T,4
1664832885.097641,0,77685,932220,GPS1_Frame,42.33842033333334,-71.08558316666667,15.7,328191.58098939655,4689458.267953636,19,T,4
1664832886.091918,0,77686,932232,GPS1_Frame,42.33842016666667,-71.085583,15.7,328191.5942658983,4689458.249109811,19,T,4
1664832887.1003742,0,77687,932244,GPS1_Frame,42.33842033333334,-71.08558316666667,15.7,328191.58098939655,4689458.267953636,19,T,4
1664832888.0964167,0,77688,932256,GPS1_Frame,42.33842033333334,-71.08558316666667,15.7,328191.58098939655,4689458.267953636,19,T,4
1664832889.0964112,0,77689,932268,GPS1_Frame,42.33842016666667,-71.08558316666667,15.7,328191.58053547755,4689458.249446574,19,T,4
1664832890.0903728,0,77690,932280,GPS1_Frame,42.33842033333334,-71.08558316666667,15.7,328191.58098939655,4689458.267953636,19,T,4
1664832891.0911245,0,77691,932292,GPS1_Frame,42.33842033333334,-71.08558316666667,15.7,328191.58098939655,4689458.267953636,19,T,4
1664832892.0874164,0,77692,932304,GPS1_Frame,42.33842033333334,-71.085583,15.7,328191.5947198173,4689458.267616873,19,T,4
1664832893.0994332,0,77693,932316,GPS1_Frame,42.33842033333334,-71.08558316666667,15.7,328191.58098939655,4689458.267953636,19,T,4
1664832894.0865278,0,77694,932328,GPS1_Frame,42.33842033333334,-71.08558316666667,15.7,328191.58098939655,4689458.267953636,19,T,4
1664832895.1013432,0,77695,932340,GPS1_Frame,42.33842033333334,-71.085583,15.7,328191.5947198173,4689458.267616873,19,T,4
1664832896.0837457,0,77696,932352,GPS1_Frame,42.33842033333334,-71.08558316666667,15.7,328191.58098939655,4689458.267953636,19,T,4
1664832897.0784788,0,77697,932364,GPS1_Frame,42.33842033333334,-71.08558316666667,15.7,328191.58098939655,4689458.267953636,19,T,4
1664832898.090999,0,77698,932376,GPS1_Frame,42.33842033333334,-71.08558316666667,15.7,328191.58098939655,4689458.267953636,19,T,4
1664832899.0893507,0,77699,932388,GPS1_Frame,42.33842033333334,-71.08558316666667,15.7,328191.58098939655,4689458.267953636,19,T,4
1664832900.08273,0,77700,932400,GPS1_Frame,42.33842033333334,-71.08558316666667,15.7,328191.58098939655,4689458.267953636,19,T,4
1664832901.1019473,0,77701,932412,GPS1_Frame,42.33842033333334,-71.08558316666667,15.7,328191.58098939655,4689458.267953636,19,T,4
1664832902.089042,0,77702,932424,GPS1_Frame,42.33842033333334,-71.08558316666667,15.7,328191.58098939655,4689458.267953636,19,T,4
1664832903.0657995,0,77703,932436,GPS1_Frame,42.33842033333334,-71.08558316666667,15.7,328191.58098939655,4689458.267953636,19,T,4
1664832904.1025941,0,77704,932448,GPS1_Frame,42.33842033333334,-71.085583,15.7,328191.5947198173,4689458.267616873,19,T,4
1664832905.0877845,0,77705,932460,GPS1_Frame,42.33842033333334,-71.08558316666667,15.7,328191.58098939655,4689458.267953636,19,T,4
1664832906.1204193,0,77706,932472,GPS1_Frame,42.33842033333334,-71.08558316666667,15.7,328191.58098939655,4689458.267953636,19,T,4
1664832907.0959196,0,77707,932484,GPS1_Frame,42.33842033333334,-71.08558316666667,15.7,328191.58098939655,4689458.267953636,19,T,4
